{
    "vertices":[1,0.970595,-1,1,0.970595,1,-1,0.970595,1,-1,0.970595,-1,1,2.97059,-1,0.999999,2.97059,1,-1,2.97059,1,-1,2.97059,-1],
    "metadata":{
        "vertices":8,
        "version":3,
        "uvs":1,
        "generator":"io_three",
        "type":"Geometry",
        "faces":6,
        "normals":6
    },
    "uvs":[[0.30235,0.86327,0.278065,0.86327,0.278065,0.838985,0.30235,0.838985,0.326635,0.81468,0.30235,0.81468,0.30235,0.790395,0.326635,0.790395,0.35092,0.81468,0.35092,0.790395,0.326635,0.76611,0.30235,0.76611,0.278065,0.790395,0.278065,0.81468,0.326635,0.838965,0.30235,0.838965]],
    "faces":[41,0,1,2,3,0,1,2,3,0,0,0,0,41,4,7,6,5,4,5,6,7,1,1,1,1,41,0,4,5,1,8,4,7,9,2,2,2,2,41,1,5,6,2,10,7,6,11,3,3,3,3,41,2,6,7,3,12,6,5,13,4,4,4,4,41,4,0,3,7,4,14,15,5,5,5,5,5],
    "name":"CubeGeometry",
    "normals":[-0,0,1,0,-0,-1,1,0,-0,-0,1,0,-1,-0,0,0,-1,-0]
}