{
    "faces":[40,3,1,4,0,1,2,0,0,0,40,0,1,2,3,4,5,1,1,1,40,4,1,0,2,6,3,2,2,2,40,2,1,3,5,7,0,3,3,3,41,0,2,3,4,3,5,0,2,4,4,4,4],
    "vertices":[0,-0,-1,0,1,-0,1,0,0,-0,0,1,-1,0,-0],
    "uvs":[[0.5,0.865952,0.0001,0.9999,0.134048,0.5,0.5,0.134048,0.9999,0.0001,0.865952,0.5,0.0001,0.0001,0.9999,0.9999]],
    "normals":[-0.57735,0.57735,-0.57735,0.57735,-0.57735,-0.57735,-0.57735,-0.57735,-0.57735,0.57735,0.57735,-0.57735,-0,0,1],
    "name":"ConeGeometry",
    "metadata":{
        "faces":5,
        "version":3,
        "vertices":5,
        "uvs":1,
        "type":"Geometry",
        "normals":5,
        "generator":"io_three"
    }
}