{
    "name":"FrontGeometry",
    "metadata":{
        "type":"Geometry",
        "generator":"io_three",
        "uvs":1,
        "version":3,
        "normals":12,
        "vertices":16,
        "faces":12
    },
    "uvs":[[0.269282,0.38466,0.179919,0.38466,0.138548,0.262237,0.269282,0.262237,0.269282,0.003613,0.269282,0.131503,0.138548,0.131503,0.179919,0.003613,0.483706,0.003613,0.483706,0.103934,0.394344,0.103934,0.394344,0.003613,0.009364,0.258984,0.006911,0.158693,0.394248,0.158693,0.391661,0.25898,0.814731,0.983517,0.633884,0.80267,0.814731,0.621824,0.995577,0.80267,0.453038,0.621824,0.633885,0.440977,0.272192,0.440977,0.453038,0.260131,0.739822,0.004179,0.995578,0.004179,0.995578,0.259935,0.739822,0.259935,0.995578,0.440977,0.814731,0.260131,0.272192,0.80267,0.453038,0.983517]],
    "faces":[41,0,1,2,3,0,1,2,3,0,0,0,0,41,4,7,6,5,4,5,6,7,1,1,1,1,41,0,4,5,1,8,9,10,11,2,2,2,2,41,1,5,6,2,12,13,6,2,3,3,3,3,41,2,6,7,3,2,6,5,3,4,4,4,4,41,4,0,3,7,14,15,3,5,5,5,5,5,41,9,11,10,8,16,17,18,19,6,6,6,6,41,11,15,14,10,17,20,21,18,7,7,7,7,41,15,13,12,14,20,22,23,21,8,8,8,8,41,13,9,8,12,24,25,26,27,9,9,9,9,41,8,10,14,12,28,18,21,29,10,10,10,10,41,13,15,11,9,30,20,17,31,11,11,11,11],
    "vertices":[0.526424,0.020587,-0.998873,0.526424,0.020587,0.094801,-0.928032,0.37936,0.601126,-0.928032,0.37936,-0.998874,0.795256,0.90156,-0.998873,0.795255,0.901561,0.094802,-0.61745,1.53847,0.601126,-0.617449,1.53847,-0.998873,-8.98465,1e-06,1.04421,-8.98465,2,1.04421,-8.98465,1e-06,-0.955794,-8.98465,2,-0.955794,-0.984649,0,1.04421,-0.98465,2,1.04421,-0.984649,0,-0.955794,-0.98465,2,-0.955794],
    "normals":[-0.239493,0,0.970898,0.411005,0,-0.911633,0.956459,0,0.291866,0.304905,0.948438,0.086598,-0.965926,-0,-0.258819,0,-1,-0,-1,0,-0,0,-1,0,1,-0,-0,-0,1,-0,-0,0,1,0,-0,-1]
}